aaa,1111,홍길동,Fulop,1608 Bunker Hill Road,80000000
bbb,2222,유관순,Bath,08028 Summerview Junction,50000000
ccc,3333,이순신,Jellybrand,96834 Thompson Plaza,60000000
wjirak3,8472,Whitby,Jirak,413 Prairie Rose Way,100000000
ltheriot4,8943,Loralyn,Theriot,2 Linden Avenue,100000000
ebertolaccini5,2763,Ernestus,Bertolaccini,36792 Miller Parkway,100000000
jcallinan6,3040,Jonas,Callinan,34025 Bonner Pass,70000000
cjanicijevic7,9154,Colas,Janicijevic,6212 Kingsford Hill,60000000
cerricker8,3904,Clark,Erricker,32306 Columbus Pass,80000000
gadamsky9,1088,Germain,Adamsky,64 Cody Alley,90000000
tmatthiesona,1779,Tuesday,Matthieson,4070 Schlimgen Avenue,80000000
bmoonb,7644,Briana,Moon,17424 Thierer Junction,90000000
hmundallc,2548,Hilly,Mundall,3 Loeprich Circle,70000000
mbeekend,8354,Madelina,Beeken,93019 Tennyson Trail,80000000
trathkee,9589,Tove,Rathke,580 Northland Plaza,80000000
zcromlyf,7126,Zachery,Cromly,13 Fuller Point,90000000
hbennedickg,6424,Hesther,Bennedick,2 Schiller Pass,70000000
jyukhnevh,9762,Joaquin,Yukhnev,2846 Ramsey Parkway,70000000
ctregieni,9857,Coop,Tregien,4120 Kings Street,100000000
kdudekj,7061,Kristy,Dudek,41 Nancy Place,70000000
